"U:0","U:1","U:2","p","vtkValidPointMask","arc_length","Points:0","Points:1","Points:2"
nan,nan,nan,nan,0,0,22.722,-37.441,0
nan,nan,nan,nan,0,0.072687,22.729,-37.368,0
nan,nan,nan,nan,0,0.14538,22.736,-37.296,0
nan,nan,nan,nan,0,0.21807,22.744,-37.224,0
nan,nan,nan,nan,0,0.29076,22.751,-37.151,0
nan,nan,nan,nan,0,0.36345,22.758,-37.079,0
nan,nan,nan,nan,0,0.43614,22.766,-37.007,0
nan,nan,nan,nan,0,0.50883,22.773,-36.934,0
nan,nan,nan,nan,0,0.58152,22.78,-36.862,0
nan,nan,nan,nan,0,0.65421,22.788,-36.79,0
nan,nan,nan,nan,0,0.7269,22.795,-36.718,0
nan,nan,nan,nan,0,0.79959,22.803,-36.645,0
nan,nan,nan,nan,0,0.87228,22.81,-36.573,0
-0.00053377,3.0004,-1.3634e-21,2.1555,1,0.94497,22.817,-36.501,0
-0.0015873,3.0011,-3.8572e-21,2.1537,1,1.0177,22.825,-36.428,0
-0.0026878,3.0019,-6.2125e-21,2.1519,1,1.0903,22.832,-36.356,0
-0.0038351,3.0026,-8.4293e-21,2.1501,1,1.163,22.839,-36.284,0
-0.0050292,3.0034,-1.0508e-20,2.1483,1,1.2357,22.847,-36.211,0
-0.0062701,3.0041,-1.2448e-20,2.1465,1,1.3084,22.854,-36.139,0
-0.0074941,3.0053,-1.3581e-20,2.1433,1,1.3811,22.861,-36.067,0
-0.0086533,3.0073,-1.3585e-20,2.1376,1,1.4538,22.869,-35.994,0
-0.0098506,3.0093,-1.3631e-20,2.1319,1,1.5265,22.876,-35.922,0
-0.011086,3.0113,-1.3719e-20,2.1262,1,1.5992,22.883,-35.85,0
-0.012359,3.0133,-1.3847e-20,2.1205,1,1.6719,22.891,-35.777,0
-0.01367,3.0153,-1.4017e-20,2.1148,1,1.7446,22.898,-35.705,0
-0.014952,3.0176,-1.3745e-20,2.1084,1,1.8172,22.905,-35.633,0
-0.015971,3.0206,-1.1275e-20,2.0994,1,1.8899,22.913,-35.56,0
-0.017014,3.0237,-8.5843e-21,2.0903,1,1.9626,22.92,-35.488,0
-0.018081,3.0268,-5.6721e-21,2.0813,1,2.0353,22.927,-35.416,0
-0.019173,3.0299,-2.5389e-21,2.0722,1,2.108,22.935,-35.343,0
-0.020289,3.033,8.1504e-22,2.0631,1,2.1807,22.942,-35.271,0
-0.021433,3.0362,4.2977e-21,2.0539,1,2.2534,22.949,-35.199,0
-0.022215,3.0401,7.8428e-21,2.0425,1,2.3261,22.957,-35.127,0
-0.022987,3.0441,1.1136e-20,2.0309,1,2.3988,22.964,-35.054,0
-0.023763,3.0481,1.4166e-20,2.0193,1,2.4715,22.971,-34.982,0
-0.024545,3.0522,1.6932e-20,2.0076,1,2.5441,22.979,-34.91,0
-0.025331,3.0562,1.9434e-20,1.9959,1,2.6168,22.986,-34.837,0
-0.026122,3.0603,2.1674e-20,1.9842,1,2.6895,22.993,-34.765,0
-0.026687,3.0646,1.9493e-20,1.9715,1,2.7622,23.001,-34.693,0
-0.027152,3.069,1.5321e-20,1.9586,1,2.8349,23.008,-34.62,0
-0.027616,3.0734,1.0945e-20,1.9455,1,2.9076,23.015,-34.548,0
-0.028079,3.0779,6.3654e-21,1.9325,1,2.9803,23.023,-34.476,0
-0.028542,3.0823,1.5834e-21,1.9195,1,3.053,23.03,-34.403,0
-0.029003,3.0868,-3.4012e-21,1.9064,1,3.1257,23.037,-34.331,0
-0.029426,3.0913,-8.9288e-21,1.8932,1,3.1984,23.045,-34.259,0
-0.029793,3.0957,-1.4932e-20,1.88,1,3.271,23.052,-34.186,0
-0.030159,3.1002,-2.079e-20,1.8667,1,3.3437,23.059,-34.114,0
-0.030525,3.1047,-2.6502e-20,1.8535,1,3.4164,23.067,-34.042,0
-0.030891,3.1092,-3.2068e-20,1.8402,1,3.4891,23.074,-33.969,0
-0.031257,3.1137,-3.7488e-20,1.8269,1,3.5618,23.081,-33.897,0
-0.031622,3.1182,-4.185e-20,1.8137,1,3.6345,23.089,-33.825,0
-0.031985,3.1226,-3.0301e-20,1.8007,1,3.7072,23.096,-33.752,0
-0.032348,3.1269,-1.9023e-20,1.7877,1,3.7799,23.103,-33.68,0
-0.032712,3.1313,-8.0162e-21,1.7748,1,3.8526,23.111,-33.608,0
-0.033076,3.1357,2.7207e-21,1.7618,1,3.9253,23.118,-33.536,0
-0.033442,3.14,1.3187e-20,1.7488,1,3.9979,23.125,-33.463,0
-0.033808,3.1444,2.3384e-20,1.7359,1,4.0706,23.133,-33.391,0
-0.034176,3.1487,2.5356e-20,1.7232,1,4.1433,23.14,-33.319,0
-0.034546,3.1529,2.3653e-20,1.7105,1,4.216,23.147,-33.246,0
-0.034916,3.1572,2.2271e-20,1.6979,1,4.2887,23.155,-33.174,0
-0.035292,3.1615,2.0851e-20,1.6853,1,4.3614,23.162,-33.102,0
-0.035673,3.1658,1.9042e-20,1.6726,1,4.4341,23.169,-33.029,0
-0.036054,3.1701,1.7003e-20,1.66,1,4.5068,23.177,-32.957,0
-0.03641,3.1744,1.4165e-20,1.6474,1,4.5795,23.184,-32.885,0
-0.036684,3.1787,9.8541e-21,1.635,1,4.6522,23.191,-32.812,0
-0.036955,3.1829,6.114e-21,1.6225,1,4.7248,23.199,-32.74,0
-0.037221,3.1871,2.9437e-21,1.6101,1,4.7975,23.206,-32.668,0
-0.037484,3.1914,3.4257e-22,1.5976,1,4.8702,23.213,-32.595,0
-0.037743,3.1956,-1.69e-21,1.5851,1,4.9429,23.221,-32.523,0
-0.037998,3.1999,-3.1548e-21,1.5726,1,5.0156,23.228,-32.451,0
-0.038151,3.2041,-3.4438e-22,1.5603,1,5.0883,23.235,-32.378,0
-0.038269,3.2082,3.9479e-21,1.5481,1,5.161,23.243,-32.306,0
-0.038381,3.2124,8.6594e-21,1.5358,1,5.2337,23.25,-32.234,0
-0.038487,3.2166,1.379e-20,1.5235,1,5.3064,23.257,-32.161,0
-0.038587,3.2208,1.9339e-20,1.5112,1,5.3791,23.265,-32.089,0
-0.03868,3.225,2.5306e-20,1.4989,1,5.4517,23.272,-32.017,0
-0.038726,3.2291,2.9166e-20,1.4867,1,5.5244,23.279,-31.944,0
-0.038659,3.2331,2.6162e-20,1.4748,1,5.5971,23.287,-31.872,0
-0.038585,3.2372,2.2678e-20,1.4629,1,5.6698,23.294,-31.8,0
-0.038503,3.2412,1.8713e-20,1.451,1,5.7425,23.301,-31.728,0
-0.038413,3.2453,1.4267e-20,1.439,1,5.8152,23.309,-31.655,0
-0.038316,3.2494,9.3427e-21,1.4271,1,5.8879,23.316,-31.583,0
-0.038212,3.2534,3.939e-21,1.4151,1,5.9606,23.323,-31.511,0
-0.038047,3.2573,7.9055e-22,1.4036,1,6.0333,23.331,-31.438,0
-0.037855,3.2612,-1.9627e-21,1.3923,1,6.106,23.338,-31.366,0
-0.037655,3.265,-5.3964e-21,1.3809,1,6.1786,23.345,-31.294,0
-0.037448,3.2689,-9.5098e-21,1.3695,1,6.2513,23.353,-31.221,0
-0.037232,3.2728,-1.4302e-20,1.3582,1,6.324,23.36,-31.149,0
-0.037009,3.2766,-1.9676e-20,1.3468,1,6.3967,23.367,-31.077,0
-0.036771,3.2805,-2.3296e-20,1.3355,1,6.4694,23.375,-31.004,0
-0.036466,3.2841,-2.0888e-20,1.3249,1,6.5421,23.382,-30.932,0
-0.036151,3.2877,-1.865e-20,1.3143,1,6.6148,23.389,-30.86,0
-0.035827,3.2912,-1.658e-20,1.3037,1,6.6875,23.397,-30.787,0
-0.035492,3.2948,-1.4679e-20,1.2931,1,6.7602,23.404,-30.715,0
-0.035148,3.2983,-1.2947e-20,1.2825,1,6.8329,23.412,-30.643,0
-0.034795,3.3019,-1.1384e-20,1.2719,1,6.9055,23.419,-30.57,0
-0.034442,3.3053,-7.8251e-21,1.2617,1,6.9782,23.426,-30.498,0
-0.034092,3.3085,-1.7366e-21,1.2519,1,7.0509,23.434,-30.426,0
-0.033734,3.3117,4.7204e-21,1.2422,1,7.1236,23.441,-30.353,0
-0.033366,3.3149,1.1546e-20,1.2324,1,7.1963,23.448,-30.281,0
-0.032989,3.3181,1.8739e-20,1.2227,1,7.269,23.456,-30.209,0
-0.032604,3.3213,2.63e-20,1.213,1,7.3417,23.463,-30.137,0
-0.032209,3.3244,3.4228e-20,1.2033,1,7.4144,23.47,-30.064,0
-0.031807,3.3273,3.2219e-20,1.1943,1,7.4871,23.478,-29.992,0
-0.031398,3.3302,2.8264e-20,1.1854,1,7.5598,23.485,-29.92,0
-0.030981,3.333,2.5053e-20,1.1765,1,7.6324,23.492,-29.847,0
-0.030557,3.3358,2.2585e-20,1.1677,1,7.7051,23.5,-29.775,0
-0.030125,3.3385,2.086e-20,1.1588,1,7.7778,23.507,-29.703,0
-0.029685,3.3413,1.9877e-20,1.15,1,7.8505,23.514,-29.63,0
-0.029242,3.344,1.9387e-20,1.1412,1,7.9232,23.522,-29.558,0
-0.028854,3.3465,1.4703e-20,1.1331,1,7.9959,23.529,-29.486,0
-0.02846,3.349,8.8936e-21,1.125,1,8.0686,23.536,-29.413,0
-0.02806,3.3515,1.9611e-21,1.1169,1,8.1413,23.544,-29.341,0
-0.027653,3.3539,-6.0939e-21,1.1088,1,8.214,23.551,-29.269,0
-0.02724,3.3564,-1.527e-20,1.1008,1,8.2867,23.558,-29.196,0
-0.026821,3.3588,-2.5567e-20,1.0927,1,8.3593,23.566,-29.124,0
-0.026395,3.361,-3.1175e-20,1.0848,1,8.432,23.573,-29.052,0
-0.025947,3.3621,-2.0915e-20,1.0773,1,8.5047,23.58,-28.979,0
-0.025496,3.3632,-1.1369e-20,1.0698,1,8.5774,23.588,-28.907,0
-0.02504,3.3642,-2.5362e-21,1.0623,1,8.6501,23.595,-28.835,0
-0.02458,3.3652,5.5844e-21,1.0549,1,8.7228,23.602,-28.762,0
-0.024116,3.3661,1.2993e-20,1.0474,1,8.7955,23.61,-28.69,0
-0.023647,3.3669,1.9691e-20,1.0399,1,8.8682,23.617,-28.618,0
-0.023201,3.3676,1.826e-20,1.0327,1,8.9409,23.624,-28.546,0
-0.022781,3.3682,8.2227e-21,1.0256,1,9.0136,23.632,-28.473,0
-0.022357,3.3688,-7.6297e-22,1.0185,1,9.0862,23.639,-28.401,0
-0.021929,3.3693,-8.6977e-21,1.0115,1,9.1589,23.646,-28.329,0
-0.021495,3.3697,-1.5583e-20,1.0044,1,9.2316,23.654,-28.256,0
-0.021057,3.37,-2.1419e-20,0.99735,1,9.3043,23.661,-28.184,0
-0.020614,3.3704,-2.6207e-20,0.9903,1,9.377,23.668,-28.112,0
-0.020156,3.3705,-2.9211e-20,0.98337,1,9.4497,23.676,-28.039,0
-0.019688,3.3706,-3.194e-20,0.97652,1,9.5224,23.683,-27.967,0
-0.019217,3.3706,-3.5325e-20,0.96966,1,9.5951,23.69,-27.895,0
-0.018743,3.3706,-3.9366e-20,0.96281,1,9.6678,23.698,-27.822,0
-0.018267,3.3705,-4.4062e-20,0.95597,1,9.7405,23.705,-27.75,0
-0.017788,3.3704,-4.9414e-20,0.94912,1,9.8131,23.712,-27.678,0
-0.017307,3.3702,-5.5419e-20,0.94227,1,9.8858,23.72,-27.605,0
-0.016818,3.3699,-4.959e-20,0.93544,1,9.9585,23.727,-27.533,0
-0.016322,3.3696,-3.682e-20,0.92862,1,10.031,23.734,-27.461,0
-0.015821,3.3692,-2.4062e-20,0.92178,1,10.104,23.742,-27.388,0
-0.015316,3.3688,-1.1317e-20,0.91495,1,10.177,23.749,-27.316,0
-0.014806,3.3683,1.4159e-21,0.90811,1,10.249,23.756,-27.244,0
-0.014291,3.3678,1.4136e-20,0.90127,1,10.322,23.764,-27.171,0
-0.013771,3.3673,2.6844e-20,0.89442,1,10.395,23.771,-27.099,0
-0.013181,3.3641,2.5792e-20,0.88748,1,10.467,23.778,-27.027,0
-0.012561,3.358,1.7368e-20,0.88047,1,10.54,23.786,-26.955,0
-0.011948,3.3518,8.9568e-21,0.87344,1,10.613,23.793,-26.882,0
-0.011341,3.3455,5.5933e-22,0.8664,1,10.685,23.8,-26.81,0
-0.01074,3.3391,-7.8246e-21,0.85935,1,10.758,23.808,-26.738,0
-0.010146,3.3325,-1.6195e-20,0.85228,1,10.831,23.815,-26.665,0
-0.0095583,3.3259,-2.4553e-20,0.84519,1,10.903,23.822,-26.593,0
-0.0089463,3.3192,-2.7461e-20,0.83793,1,10.976,23.83,-26.521,0
-0.0083201,3.3125,-2.6525e-20,0.83054,1,11.049,23.837,-26.448,0
-0.0076984,3.3057,-2.5022e-20,0.82313,1,11.122,23.844,-26.376,0
-0.0070813,3.2988,-2.2953e-20,0.8157,1,11.194,23.852,-26.304,0
-0.0064688,3.2917,-2.0318e-20,0.80825,1,11.267,23.859,-26.231,0
-0.0058608,3.2846,-1.7117e-20,0.80077,1,11.34,23.866,-26.159,0
-0.0052574,3.2774,-1.3351e-20,0.79327,1,11.412,23.874,-26.087,0
-0.0045575,3.2702,-5.1392e-21,0.78554,1,11.485,23.881,-26.014,0
-0.0037682,3.2629,6.253e-21,0.77758,1,11.558,23.888,-25.942,0
-0.0029834,3.2556,1.6919e-20,0.7696,1,11.63,23.896,-25.87,0
-0.0022031,3.2482,2.6859e-20,0.76159,1,11.703,23.903,-25.797,0
-0.0014272,3.2407,3.6073e-20,0.75356,1,11.776,23.91,-25.725,0
-0.00065587,3.2331,4.4562e-20,0.74549,1,11.848,23.918,-25.653,0
0.00011105,3.2254,5.2326e-20,0.7374,1,11.921,23.925,-25.58,0
0.00090282,3.2178,5.1711e-20,0.72906,1,11.994,23.932,-25.508,0
0.0017443,3.2104,3.7691e-20,0.72032,1,12.067,23.94,-25.436,0
0.0025858,3.203,2.3932e-20,0.71154,1,12.139,23.947,-25.363,0
0.0034272,3.1954,1.0433e-20,0.70273,1,12.212,23.954,-25.291,0
0.0042685,3.1878,-2.8066e-21,0.69389,1,12.285,23.962,-25.219,0
0.0051097,3.1802,-1.5786e-20,0.68501,1,12.357,23.969,-25.147,0
0.0061369,3.165,-2.7488e-20,0.67619,1,12.43,23.976,-25.074,0
0.0073459,3.1443,-3.55e-20,0.66728,1,12.503,23.984,-25.002,0
0.0088084,3.124,-3.223e-20,0.65765,1,12.575,23.991,-24.93,0
0.010257,3.1036,-2.9242e-20,0.64798,1,12.648,23.998,-24.857,0
0.011692,3.0833,-2.6537e-20,0.63828,1,12.721,24.006,-24.785,0
0.013114,3.063,-2.4113e-20,0.62854,1,12.793,24.013,-24.713,0
0.014522,3.0426,-2.1971e-20,0.61877,1,12.866,24.021,-24.64,0
0.015916,3.0223,-2.0111e-20,0.60896,1,12.939,24.028,-24.568,0
0.017297,3.0019,-1.8532e-20,0.59912,1,13.012,24.035,-24.496,0
0.018546,2.9823,-1.1737e-20,0.58822,1,13.084,24.043,-24.423,0
0.019769,2.9629,-4.5251e-21,0.57713,1,13.157,24.05,-24.351,0
0.020981,2.9435,2.4101e-21,0.566,1,13.23,24.057,-24.279,0
0.022182,2.9241,9.0684e-21,0.55482,1,13.302,24.065,-24.206,0
0.023372,2.9047,1.545e-20,0.54359,1,13.375,24.072,-24.134,0
0.024551,2.8854,2.1555e-20,0.53231,1,13.448,24.079,-24.062,0
0.025719,2.866,2.7384e-20,0.52098,1,13.52,24.087,-23.989,0
0.027321,2.8475,2.8644e-20,0.50867,1,13.593,24.094,-23.917,0
0.029266,2.8296,2.6835e-20,0.49558,1,13.666,24.101,-23.845,0
0.031213,2.8118,2.5429e-20,0.48241,1,13.738,24.109,-23.772,0
0.033162,2.7941,2.4426e-20,0.46918,1,13.811,24.116,-23.7,0
0.035113,2.7765,2.3827e-20,0.45588,1,13.884,24.123,-23.628,0
0.037065,2.7589,2.363e-20,0.44252,1,13.956,24.131,-23.556,0
0.039019,2.7415,2.3835e-20,0.42909,1,14.029,24.138,-23.483,0
0.040873,2.7244,2.335e-20,0.41522,1,14.102,24.145,-23.411,0
0.042253,2.7087,1.7758e-20,0.39955,1,14.175,24.153,-23.339,0
0.043612,2.6932,1.1696e-20,0.3838,1,14.247,24.16,-23.266,0
0.044842,2.6762,5.2209e-21,0.36793,1,14.32,24.167,-23.194,0
0.04489,2.6423,-1.0709e-21,0.35166,1,14.393,24.175,-23.122,0
0.044843,2.6085,-7.697e-21,0.33526,1,14.465,24.182,-23.049,0
0.044702,2.5748,-1.4657e-20,0.31873,1,14.538,24.189,-22.977,0
0.044466,2.5412,-2.1951e-20,0.30208,1,14.611,24.197,-22.905,0
0.045425,2.5091,-2.2143e-20,0.28303,1,14.683,24.204,-22.832,0
0.046814,2.4777,-1.9763e-20,0.26292,1,14.756,24.211,-22.76,0
0.048132,2.4465,-1.7715e-20,0.24262,1,14.829,24.219,-22.688,0
0.04938,2.4155,-1.5999e-20,0.22213,1,14.901,24.226,-22.615,0
0.050557,2.3847,-1.4614e-20,0.20147,1,14.974,24.233,-22.543,0
0.051664,2.3541,-1.3561e-20,0.18061,1,15.047,24.241,-22.471,0
0.052701,2.3236,-1.2838e-20,0.15958,1,15.12,24.248,-22.398,0
0.053195,2.2953,-1.2417e-20,0.1375,1,15.192,24.255,-22.326,0
0.051389,2.2756,-1.1805e-20,0.11126,1,15.265,24.263,-22.254,0
0.049303,2.2563,-1.0864e-20,0.084563,1,15.338,24.27,-22.181,0
0.046936,2.2375,-9.5942e-21,0.057397,1,15.41,24.277,-22.109,0
0.04429,2.219,-7.9966e-21,0.029768,1,15.483,24.285,-22.037,0
0.041363,2.201,-6.0712e-21,0.0016763,1,15.556,24.292,-21.965,0
0.038156,2.1835,-3.8182e-21,-0.026877,1,15.628,24.299,-21.892,0
0.03467,2.1663,-1.2375e-21,-0.055893,1,15.701,24.307,-21.82,0
0.031947,2.1028,-4.5195e-21,-0.117,1,15.774,24.314,-21.748,0
0.029271,2,-1.2464e-20,-0.20329,1,15.846,24.321,-21.675,0
0.025775,1.8902,-2.0725e-20,-0.29237,1,15.919,24.329,-21.603,0
0.02146,1.7735,-2.9303e-20,-0.38423,1,15.992,24.336,-21.531,0
0.016326,1.6499,-3.8198e-20,-0.47886,1,16.064,24.343,-21.458,0
0.010374,1.5193,-4.741e-20,-0.57628,1,16.137,24.351,-21.386,0
0.0062129,1.3841,-5.5257e-20,-0.6687,1,16.21,24.358,-21.314,0
0.0044647,1.254,-6.1044e-20,-0.75313,1,16.283,24.365,-21.241,0
-0.0078693,1.1732,-7.6031e-20,-0.82716,1,16.355,24.373,-21.169,0
-0.0084005,1.1477,-8.4866e-20,-0.8759,1,16.428,24.38,-21.097,0
-0.0054481,1.1359,-9.1776e-20,-0.91804,1,16.501,24.387,-21.024,0
-0.0024958,1.124,-9.8686e-20,-0.96018,1,16.573,24.395,-20.952,0
0.00045658,1.1122,-1.056e-19,-1.0023,1,16.646,24.402,-20.88,0
0.018151,1.2207,-9.0963e-20,-1.0317,1,16.719,24.409,-20.807,0
0.081073,1.634,-1.5013e-20,-1.0088,1,16.791,24.417,-20.735,0
0.12,1.7602,3.8897e-20,-0.99602,1,16.864,24.424,-20.663,0
0.1301,1.5605,1.412e-19,-1.0279,1,16.937,24.431,-20.59,0
0.17513,1.7801,1.4197e-19,-0.977,1,17.009,24.439,-20.518,0
0.22676,2.1163,1.2561e-19,-0.89887,1,17.082,24.446,-20.446,0
0.25009,2.2187,1.0438e-19,-0.80603,1,17.155,24.453,-20.374,0
0.26183,2.0809,5.8199e-20,-0.72048,1,17.228,24.461,-20.301,0
0.28776,2.0111,1.6158e-20,-0.63932,1,17.3,24.468,-20.229,0
0.32796,2.0096,-2.172e-20,-0.56256,1,17.373,24.475,-20.157,0
0.32653,1.994,-2.1198e-20,-0.51063,1,17.446,24.483,-20.084,0
0.31305,1.9684,-1.0939e-20,-0.47593,1,17.518,24.49,-20.012,0
0.30883,1.9724,3.8201e-23,-0.44695,1,17.591,24.497,-19.94,0
0.31392,2.006,1.1738e-20,-0.4237,1,17.664,24.505,-19.867,0
0.32513,2.0539,2.0962e-20,-0.40763,1,17.736,24.512,-19.795,0
0.321,2.0413,1.7868e-20,-0.3945,1,17.809,24.519,-19.723,0
0.32215,2.0534,1.4917e-20,-0.38241,1,17.882,24.527,-19.65,0
0.32871,2.0907,1.217e-20,-0.37136,1,17.954,24.534,-19.578,0
0.3407,2.1533,9.6285e-21,-0.36136,1,18.027,24.541,-19.506,0
0.34671,2.1839,9.0667e-21,-0.35313,1,18.1,24.549,-19.433,0
0.34322,2.1604,1.3755e-20,-0.34434,1,18.172,24.556,-19.361,0
0.34425,2.1601,1.5678e-20,-0.33621,1,18.245,24.563,-19.289,0
0.34982,2.1831,1.4823e-20,-0.32875,1,18.318,24.571,-19.216,0
0.35881,2.2241,1.1252e-20,-0.32224,1,18.391,24.578,-19.144,0
0.36599,2.2548,5.2745e-21,-0.31734,1,18.463,24.585,-19.072,0
0.36952,2.2601,7.0632e-22,-0.31146,1,18.536,24.593,-18.999,0
0.37291,2.2639,9.7593e-22,-0.30536,1,18.609,24.6,-18.927,0
0.38039,2.2913,4.3165e-21,-0.30023,1,18.681,24.608,-18.855,0
0.38997,2.3321,1.1195e-20,-0.29622,1,18.754,24.615,-18.782,0
0.39899,2.3706,1.8892e-20,-0.29323,1,18.827,24.622,-18.71,0
0.41057,2.4213,2.5109e-20,-0.29088,1,18.899,24.63,-18.638,0
0.41462,2.4222,2.1805e-20,-0.28747,1,18.972,24.637,-18.566,0
0.41834,2.4195,1.3434e-20,-0.28425,1,19.045,24.644,-18.493,0
0.42243,2.4235,-4.568e-22,-0.28138,1,19.117,24.652,-18.421,0
0.42718,2.4338,-1.5982e-20,-0.27877,1,19.19,24.659,-18.349,0
0.4347,2.4588,-2.9844e-20,-0.2767,1,19.263,24.666,-18.276,0
0.44502,2.4986,-4.2037e-20,-0.27518,1,19.336,24.674,-18.204,0
0.45814,2.5532,-5.2556e-20,-0.2742,1,19.408,24.681,-18.132,0
0.46462,2.5676,-5.084e-20,-0.27136,1,19.481,24.688,-18.059,0
0.46633,2.5541,-3.9859e-20,-0.2674,1,19.554,24.696,-17.987,0
0.47105,2.5571,-2.9636e-20,-0.26432,1,19.626,24.703,-17.915,0
0.47879,2.5766,-2.0172e-20,-0.26213,1,19.699,24.71,-17.842,0
0.48955,2.6127,-1.1469e-20,-0.26081,1,19.772,24.718,-17.77,0
0.50111,2.6558,-4.4534e-21,-0.25978,1,19.844,24.725,-17.698,0
0.51242,2.7012,-1.1524e-21,-0.25868,1,19.917,24.732,-17.625,0
0.52208,2.7364,-8.5575e-22,-0.25755,1,19.99,24.74,-17.553,0
0.52442,2.7263,-1.7802e-21,-0.25558,1,20.062,24.747,-17.481,0
0.52866,2.7256,-4.2121e-21,-0.25419,1,20.135,24.754,-17.408,0
0.53403,2.7305,-7.6769e-21,-0.25316,1,20.208,24.762,-17.336,0
0.53779,2.7281,-9.1289e-21,-0.25164,1,20.28,24.769,-17.264,0
0.54384,2.738,-1.0053e-20,-0.25076,1,20.353,24.776,-17.191,0
0.55221,2.7604,-1.0449e-20,-0.25051,1,20.426,24.784,-17.119,0
0.56288,2.7952,-1.0313e-20,-0.25089,1,20.499,24.791,-17.047,0
0.57588,2.8425,-9.6437e-21,-0.25191,1,20.571,24.798,-16.975,0
0.58418,2.8697,-7.2799e-21,-0.25061,1,20.644,24.806,-16.902,0
0.58629,2.8608,-3.3749e-21,-0.2471,1,20.717,24.813,-16.83,0
0.59011,2.8595,7.0487e-22,-0.24405,1,20.789,24.82,-16.758,0
0.59567,2.8656,4.9599e-21,-0.24145,1,20.862,24.828,-16.685,0
0.60296,2.8793,9.3909e-21,-0.23931,1,20.935,24.835,-16.613,0
0.61055,2.895,1.3514e-20,-0.23712,1,21.007,24.842,-16.541,0
0.61781,2.911,1.5032e-20,-0.23477,1,21.08,24.85,-16.468,0
0.62707,2.9367,1.3808e-20,-0.23311,1,21.153,24.857,-16.396,0
0.63835,2.972,9.8327e-21,-0.23215,1,21.225,24.864,-16.324,0
0.65164,3.017,3.0959e-21,-0.23188,1,21.298,24.872,-16.251,0
0.65596,3.0207,1.0673e-21,-0.23093,1,21.371,24.879,-16.179,0
0.65683,3.011,-4.0666e-21,-0.22966,1,21.444,24.886,-16.107,0
0.6586,3.0051,-8.746e-21,-0.22862,1,21.516,24.894,-16.034,0
0.66151,3.004,-1.246e-20,-0.22785,1,21.589,24.901,-15.962,0
0.66559,3.0076,-1.5205e-20,-0.22736,1,21.662,24.908,-15.89,0
0.67082,3.016,-1.6979e-20,-0.22713,1,21.734,24.916,-15.817,0
0.67691,3.028,-1.6954e-20,-0.22707,1,21.807,24.923,-15.745,0
0.68227,3.0369,-1.2076e-20,-0.22659,1,21.88,24.93,-15.673,0
0.68899,3.0517,-9.116e-21,-0.22644,1,21.952,24.938,-15.6,0
0.69705,3.0725,-8.0821e-21,-0.22663,1,22.025,24.945,-15.528,0
0.70648,3.0993,-8.9801e-21,-0.22714,1,22.098,24.952,-15.456,0
0.71654,3.1288,-1.1615e-20,-0.22781,1,22.17,24.96,-15.384,0
0.71928,3.126,-1.0729e-20,-0.22677,1,22.243,24.967,-15.311,0
0.72141,3.122,-6.4909e-21,-0.22558,1,22.316,24.974,-15.239,0
0.72435,3.1212,-2.6434e-21,-0.22456,1,22.389,24.982,-15.167,0
0.72809,3.1235,8.127e-22,-0.22371,1,22.461,24.989,-15.094,0
0.73265,3.129,3.8762e-21,-0.22302,1,22.534,24.996,-15.022,0
0.73802,3.1377,6.546e-21,-0.2225,1,22.607,25.004,-14.95,0
0.7437,3.1479,7.293e-21,-0.22178,1,22.679,25.011,-14.877,0
0.74942,3.1591,5.4882e-21,-0.22062,1,22.752,25.018,-14.805,0
0.7561,3.1739,3.9329e-21,-0.21964,1,22.825,25.026,-14.733,0
0.76374,3.1925,2.628e-21,-0.21884,1,22.897,25.033,-14.66,0
0.77234,3.2149,1.5744e-21,-0.21823,1,22.97,25.04,-14.588,0
0.7819,3.2411,7.7276e-22,-0.2178,1,23.043,25.048,-14.516,0
0.7867,3.2483,-2.6343e-21,-0.21716,1,23.115,25.055,-14.443,0
0.78823,3.2433,-7.9182e-21,-0.21619,1,23.188,25.062,-14.371,0
0.7902,3.2399,-1.2206e-20,-0.21541,1,23.261,25.07,-14.299,0
0.7926,3.2382,-1.5494e-20,-0.2148,1,23.333,25.077,-14.226,0
0.79544,3.2382,-1.778e-20,-0.21438,1,23.406,25.084,-14.154,0
0.79871,3.2398,-1.906e-20,-0.21415,1,23.479,25.092,-14.082,0
0.80231,3.2429,-1.8411e-20,-0.21408,1,23.552,25.099,-14.009,0
0.80535,3.2452,-8.0428e-21,-0.21406,1,23.624,25.106,-13.937,0
0.8089,3.2495,2.1813e-21,-0.21419,1,23.697,25.114,-13.865,0
0.81298,3.2558,1.226e-20,-0.21448,1,23.77,25.121,-13.793,0
0.81758,3.2642,2.2194e-20,-0.21493,1,23.842,25.128,-13.72,0
0.8227,3.2746,3.1982e-20,-0.21553,1,23.915,25.136,-13.648,0
0.82835,3.287,4.1624e-20,-0.2163,1,23.988,25.143,-13.576,0
0.8334,3.2979,4.0373e-20,-0.21689,1,24.06,25.15,-13.503,0
0.83875,3.3101,3.658e-20,-0.21751,1,24.133,25.158,-13.431,0
0.84459,3.3241,3.2017e-20,-0.21821,1,24.206,25.165,-13.359,0
0.84872,3.3313,2.5492e-20,-0.21877,1,24.278,25.172,-13.286,0
0.85079,3.3305,1.7854e-20,-0.21916,1,24.351,25.18,-13.214,0
0.85313,3.3306,1.0712e-20,-0.21963,1,24.424,25.187,-13.142,0
0.85559,3.3313,3.7513e-21,-0.21998,1,24.497,25.194,-13.069,0
0.85794,3.3322,-3.4325e-21,-0.21992,1,24.569,25.202,-12.997,0
0.86058,3.3341,-9.8601e-21,-0.21996,1,24.642,25.209,-12.925,0
0.86351,3.3371,-1.5529e-20,-0.2201,1,24.715,25.217,-12.852,0
0.86672,3.341,-2.0437e-20,-0.22035,1,24.787,25.224,-12.78,0
0.87022,3.346,-2.4583e-20,-0.22071,1,24.86,25.231,-12.708,0
0.87402,3.352,-2.7964e-20,-0.22118,1,24.933,25.239,-12.635,0
0.87734,3.3572,-2.6273e-20,-0.22151,1,25.005,25.246,-12.563,0
0.8807,3.3627,-2.3444e-20,-0.22187,1,25.078,25.253,-12.491,0
0.88435,3.3693,-2.1084e-20,-0.22236,1,25.151,25.261,-12.418,0
0.8883,3.3769,-1.9195e-20,-0.22295,1,25.223,25.268,-12.346,0
0.89255,3.3856,-1.7777e-20,-0.22367,1,25.296,25.275,-12.274,0
0.89709,3.3954,-1.6831e-20,-0.2245,1,25.369,25.283,-12.201,0
0.90194,3.4062,-1.6361e-20,-0.22545,1,25.441,25.29,-12.129,0
0.9067,3.4177,-1.5038e-20,-0.22644,1,25.514,25.297,-12.057,0
0.90891,3.4209,-1.1965e-20,-0.22755,1,25.587,25.305,-11.985,0
0.90994,3.4202,-8.4143e-21,-0.22875,1,25.66,25.312,-11.912,0
0.91111,3.4198,-5.1012e-21,-0.23003,1,25.732,25.319,-11.84,0
0.9124,3.4199,-2.0268e-21,-0.23138,1,25.805,25.327,-11.768,0
0.91384,3.4204,8.0827e-22,-0.2328,1,25.878,25.334,-11.695,0
0.91539,3.4212,3.3352e-21,-0.23428,1,25.95,25.341,-11.623,0
0.91664,3.4214,4.057e-21,-0.23558,1,26.023,25.349,-11.551,0
0.91802,3.422,4.2154e-21,-0.23692,1,26.096,25.356,-11.478,0
0.91951,3.423,3.8091e-21,-0.2383,1,26.168,25.363,-11.406,0
0.92113,3.4243,2.8366e-21,-0.23971,1,26.241,25.371,-11.334,0
0.92286,3.4261,1.2967e-21,-0.24116,1,26.314,25.378,-11.261,0
0.92472,3.4282,-8.1198e-22,-0.24264,1,26.386,25.385,-11.189,0
0.9267,3.4308,-3.491e-21,-0.24415,1,26.459,25.393,-11.117,0
0.92871,3.4335,-6.4939e-21,-0.24537,1,26.532,25.4,-11.044,0
0.9308,3.4366,-9.462e-21,-0.24655,1,26.605,25.407,-10.972,0
0.933,3.4401,-1.2394e-20,-0.24776,1,26.677,25.415,-10.9,0
0.93531,3.4439,-1.5289e-20,-0.249,1,26.75,25.422,-10.827,0
0.93773,3.4482,-1.8148e-20,-0.25027,1,26.823,25.429,-10.755,0
0.94026,3.4529,-2.0971e-20,-0.25157,1,26.895,25.437,-10.683,0
0.9429,3.4579,-2.3756e-20,-0.2529,1,26.968,25.444,-10.61,0
0.94536,3.4626,-2.282e-20,-0.25392,1,27.041,25.451,-10.538,0
0.94778,3.4674,-2.0216e-20,-0.25485,1,27.113,25.459,-10.466,0
0.95029,3.4725,-1.7404e-20,-0.25582,1,27.186,25.466,-10.394,0
0.95288,3.4779,-1.4382e-20,-0.25683,1,27.259,25.473,-10.321,0
0.95555,3.4836,-1.1152e-20,-0.25787,1,27.331,25.481,-10.249,0
0.95617,3.4835,-7.4738e-21,-0.25895,1,27.404,25.488,-10.177,0
0.95664,3.4829,-4.1017e-21,-0.26009,1,27.477,25.495,-10.104,0
0.95713,3.4824,-1.0165e-21,-0.26122,1,27.549,25.503,-10.032,0
0.95746,3.4821,2.2457e-21,-0.26206,1,27.622,25.51,-9.9596,0
0.95784,3.4819,5.4983e-21,-0.26298,1,27.695,25.517,-9.8873,0
0.95828,3.4819,8.7409e-21,-0.26396,1,27.768,25.525,-9.815,0
0.95876,3.482,1.1974e-20,-0.26501,1,27.84,25.532,-9.7427,0
0.95929,3.4823,1.5197e-20,-0.26612,1,27.913,25.539,-9.6703,0
0.95988,3.4827,1.841e-20,-0.2673,1,27.986,25.547,-9.598,0
0.96051,3.4833,2.1614e-20,-0.26855,1,28.058,25.554,-9.5257,0
0.96099,3.4839,2.1035e-20,-0.26956,1,28.131,25.561,-9.4534,0
0.96143,3.4845,1.8771e-20,-0.2705,1,28.204,25.569,-9.3811,0
0.9619,3.4853,1.6442e-20,-0.2715,1,28.276,25.576,-9.3087,0
0.9624,3.4861,1.4047e-20,-0.27256,1,28.349,25.583,-9.2364,0
0.96294,3.4871,1.1587e-20,-0.27368,1,28.422,25.591,-9.1641,0
0.96352,3.4882,9.0608e-21,-0.27486,1,28.494,25.598,-9.0918,0
0.96413,3.4894,6.469e-21,-0.27609,1,28.567,25.605,-9.0195,0
0.96477,3.4907,3.8111e-21,-0.27739,1,28.64,25.613,-8.9472,0
0.96521,3.4922,1.6432e-21,-0.27838,1,28.713,25.62,-8.8748,0
0.96561,3.4938,-2.6888e-22,-0.27934,1,28.785,25.627,-8.8025,0
0.96605,3.4954,-2.0575e-21,-0.28036,1,28.858,25.635,-8.7302,0
0.96652,3.4972,-3.7224e-21,-0.28143,1,28.931,25.642,-8.6579,0
0.96703,3.4991,-5.2632e-21,-0.28257,1,29.003,25.649,-8.5856,0
0.96757,3.5011,-6.6799e-21,-0.28376,1,29.076,25.657,-8.5132,0
0.96816,3.5031,-7.9721e-21,-0.28501,1,29.149,25.664,-8.4409,0
0.96877,3.5053,-9.1396e-21,-0.28632,1,29.221,25.671,-8.3686,0
0.96908,3.5073,-8.6113e-21,-0.28719,1,29.294,25.679,-8.2963,0
0.9694,3.5093,-7.8744e-21,-0.28808,1,29.367,25.686,-8.224,0
0.96974,3.5113,-7.0199e-21,-0.289,1,29.439,25.693,-8.1516,0
0.97011,3.5134,-6.0476e-21,-0.28996,1,29.512,25.701,-8.0793,0
0.97051,3.5156,-4.9573e-21,-0.29096,1,29.585,25.708,-8.007,0
0.97093,3.5178,-3.7488e-21,-0.29201,1,29.657,25.715,-7.9347,0
0.97032,3.5164,-2.2803e-21,-0.2929,1,29.73,25.723,-7.8624,0
0.96949,3.5142,-6.9654e-22,-0.29379,1,29.803,25.73,-7.7901,0
0.96842,3.5121,-1.6697e-21,-0.29461,1,29.876,25.737,-7.7177,0
0.9672,3.51,-4.1179e-21,-0.29541,1,29.948,25.745,-7.6454,0
0.96601,3.5079,-6.484e-21,-0.29626,1,30.021,25.752,-7.5731,0
0.96483,3.5058,-8.7679e-21,-0.29716,1,30.094,25.759,-7.5008,0
0.96367,3.5037,-1.0969e-20,-0.2981,1,30.166,25.767,-7.4285,0
0.96252,3.5017,-1.3088e-20,-0.29909,1,30.239,25.774,-7.3561,0
0.9614,3.4997,-1.5125e-20,-0.30013,1,30.312,25.781,-7.2838,0
0.96029,3.4977,-1.7079e-20,-0.30121,1,30.384,25.789,-7.2115,0
0.95924,3.4959,-1.8229e-20,-0.3023,1,30.457,25.796,-7.1392,0
0.95828,3.4946,-1.8225e-20,-0.30335,1,30.53,25.803,-7.0669,0
0.95732,3.4933,-1.828e-20,-0.30442,1,30.602,25.811,-6.9945,0
0.95637,3.492,-1.8394e-20,-0.3055,1,30.675,25.818,-6.9222,0
0.95543,3.4907,-1.8567e-20,-0.30659,1,30.748,25.826,-6.8499,0
0.95449,3.4894,-1.8799e-20,-0.3077,1,30.821,25.833,-6.7776,0
0.95357,3.488,-1.909e-20,-0.30883,1,30.893,25.84,-6.7053,0
0.95265,3.4867,-1.944e-20,-0.30997,1,30.966,25.848,-6.633,0
0.95173,3.4854,-1.9849e-20,-0.31113,1,31.039,25.855,-6.5606,0
0.95077,3.4838,-1.7454e-20,-0.31255,1,31.111,25.862,-6.4883,0
0.94977,3.4821,-1.3384e-20,-0.31412,1,31.184,25.87,-6.416,0
0.94876,3.4803,-9.4059e-21,-0.3157,1,31.257,25.877,-6.3437,0
0.94776,3.4785,-5.5194e-21,-0.31729,1,31.329,25.884,-6.2714,0
0.94674,3.4766,-1.7247e-21,-0.31889,1,31.402,25.892,-6.199,0
0.94573,3.4747,1.9781e-21,-0.32049,1,31.475,25.899,-6.1267,0
0.94471,3.4728,5.5888e-21,-0.3221,1,31.547,25.906,-6.0544,0
0.94368,3.4709,9.1073e-21,-0.32372,1,31.62,25.914,-5.9821,0
0.94265,3.4689,1.2533e-20,-0.32534,1,31.693,25.921,-5.9098,0
0.94163,3.4673,1.2995e-20,-0.32739,1,31.766,25.928,-5.8374,0
0.9406,3.4658,1.3179e-20,-0.32947,1,31.838,25.936,-5.7651,0
0.93957,3.4643,1.3351e-20,-0.33157,1,31.911,25.943,-5.6928,0
0.93853,3.4627,1.3512e-20,-0.33367,1,31.984,25.95,-5.6205,0
0.93749,3.4611,1.366e-20,-0.33578,1,32.056,25.958,-5.5482,0
0.93645,3.4595,1.3797e-20,-0.33789,1,32.129,25.965,-5.4759,0
0.9354,3.4579,1.3922e-20,-0.34001,1,32.202,25.972,-5.4035,0
0.93434,3.4562,1.4035e-20,-0.34213,1,32.274,25.98,-5.3312,0
0.93329,3.4545,1.4137e-20,-0.34426,1,32.347,25.987,-5.2589,0
0.9322,3.4522,1.3098e-20,-0.34651,1,32.42,25.994,-5.1866,0
0.93108,3.4496,1.1509e-20,-0.3488,1,32.492,26.002,-5.1143,0
0.92995,3.447,9.9731e-21,-0.35109,1,32.565,26.009,-5.0419,0
0.92881,3.4443,8.4915e-21,-0.35338,1,32.638,26.016,-4.9696,0
0.92765,3.4415,7.0638e-21,-0.35567,1,32.71,26.024,-4.8973,0
0.92647,3.4387,5.6902e-21,-0.35795,1,32.783,26.031,-4.825,0
0.92529,3.4359,4.3706e-21,-0.36023,1,32.856,26.038,-4.7527,0
0.92408,3.433,3.1051e-21,-0.36251,1,32.929,26.046,-4.6803,0
0.92287,3.43,1.8938e-21,-0.36479,1,33.001,26.053,-4.608,0
0.92175,3.4271,1.2732e-21,-0.36685,1,33.074,26.06,-4.5357,0
0.92077,3.4243,1.3505e-21,-0.36866,1,33.147,26.068,-4.4634,0
0.91978,3.4215,1.4226e-21,-0.37045,1,33.219,26.075,-4.3911,0
0.91879,3.4187,1.4896e-21,-0.37225,1,33.292,26.082,-4.3188,0
0.91778,3.4158,1.5514e-21,-0.37404,1,33.365,26.09,-4.2464,0
0.91676,3.4129,1.6081e-21,-0.37583,1,33.437,26.097,-4.1741,0
0.91574,3.41,1.6596e-21,-0.37761,1,33.51,26.104,-4.1018,0
0.91471,3.4071,1.706e-21,-0.37939,1,33.583,26.112,-4.0295,0
0.91366,3.4041,1.7472e-21,-0.38116,1,33.655,26.119,-3.9572,0
0.91261,3.4011,1.7832e-21,-0.38293,1,33.728,26.126,-3.8848,0
0.91131,3.3967,9.7681e-22,-0.38425,1,33.801,26.134,-3.8125,0
0.90984,3.3915,-3.7785e-22,-0.38528,1,33.874,26.141,-3.7402,0
0.90836,3.3862,-1.7478e-21,-0.38631,1,33.946,26.148,-3.6679,0
0.90687,3.3809,-3.1329e-21,-0.38733,1,34.019,26.156,-3.5956,0
0.90537,3.3755,-4.5333e-21,-0.38835,1,34.092,26.163,-3.5232,0
0.90386,3.3702,-5.949e-21,-0.38937,1,34.164,26.17,-3.4509,0
0.90233,3.3647,-7.3799e-21,-0.39038,1,34.237,26.178,-3.3786,0
0.90079,3.3593,-8.8262e-21,-0.39139,1,34.31,26.185,-3.3063,0
0.89924,3.3538,-1.0288e-20,-0.3924,1,34.382,26.192,-3.234,0
0.89768,3.3482,-1.1764e-20,-0.3934,1,34.455,26.2,-3.1617,0
0.89605,3.3427,-1.1307e-20,-0.3935,1,34.528,26.207,-3.0893,0
0.8944,3.3372,-1.0382e-20,-0.39338,1,34.6,26.214,-3.017,0
0.89276,3.3317,-9.4598e-21,-0.39327,1,34.673,26.222,-2.9447,0
0.89112,3.3263,-8.5402e-21,-0.39315,1,34.746,26.229,-2.8724,0
0.88948,3.3208,-7.6233e-21,-0.39303,1,34.818,26.236,-2.8001,0
0.88785,3.3154,-6.7091e-21,-0.39291,1,34.891,26.244,-2.7277,0
0.88621,3.3099,-5.7977e-21,-0.39279,1,34.964,26.251,-2.6554,0
0.88459,3.3045,-4.8891e-21,-0.39267,1,35.037,26.258,-2.5831,0
0.88296,3.2991,-3.9832e-21,-0.39255,1,35.109,26.266,-2.5108,0
0.88134,3.2937,-3.0801e-21,-0.39242,1,35.182,26.273,-2.4385,0
0.87935,3.2874,-2.3031e-21,-0.39203,1,35.255,26.28,-2.3662,0
0.87657,3.2794,-1.7879e-21,-0.39108,1,35.327,26.288,-2.2938,0
0.8738,3.2713,-1.2737e-21,-0.39012,1,35.4,26.295,-2.2215,0
0.87103,3.2633,-7.6043e-22,-0.38916,1,35.473,26.302,-2.1492,0
0.86827,3.2553,-2.481e-22,-0.3882,1,35.545,26.31,-2.0769,0
0.86551,3.2473,2.6329e-22,-0.38724,1,35.618,26.317,-2.0046,0
0.86275,3.2393,7.7374e-22,-0.38628,1,35.691,26.324,-1.9322,0
0.86,3.2313,1.2833e-21,-0.38532,1,35.763,26.332,-1.8599,0
0.85725,3.2234,1.7918e-21,-0.38435,1,35.836,26.339,-1.7876,0
0.85451,3.2154,2.2995e-21,-0.38339,1,35.909,26.346,-1.7153,0
0.85177,3.2075,2.8062e-21,-0.38242,1,35.982,26.354,-1.643,0
0.8485,3.1986,2.7769e-21,-0.38126,1,36.054,26.361,-1.5706,0
0.84515,3.1897,2.6374e-21,-0.38005,1,36.127,26.368,-1.4983,0
0.84183,3.1808,2.4958e-21,-0.37884,1,36.2,26.376,-1.426,0
0.83853,3.1721,2.3521e-21,-0.37762,1,36.272,26.383,-1.3537,0
0.83526,3.1635,2.2063e-21,-0.3764,1,36.345,26.39,-1.2814,0
0.83202,3.155,2.0585e-21,-0.37518,1,36.418,26.398,-1.2091,0
0.82881,3.1467,1.9086e-21,-0.37394,1,36.49,26.405,-1.1367,0
0.82562,3.1384,1.7566e-21,-0.37271,1,36.563,26.412,-1.0644,0
0.82247,3.1303,1.6025e-21,-0.37146,1,36.636,26.42,-0.9921,0
0.81934,3.1223,1.4464e-21,-0.37021,1,36.708,26.427,-0.91978,0
0.81623,3.1144,1.2882e-21,-0.36896,1,36.781,26.435,-0.84746,0
0.81292,3.1064,1.1501e-21,-0.36771,1,36.854,26.442,-0.77514,0
0.80946,3.0982,1.0323e-21,-0.36647,1,36.926,26.449,-0.70282,0
0.80602,3.0901,9.2015e-22,-0.36522,1,36.999,26.457,-0.6305,0
0.80261,3.0821,8.1378e-22,-0.36397,1,37.072,26.464,-0.55818,0
0.79922,3.0743,7.1315e-22,-0.36271,1,37.145,26.471,-0.48586,0
0.79587,3.0665,6.1825e-22,-0.36145,1,37.217,26.479,-0.41355,0
0.79253,3.0589,5.2911e-22,-0.36019,1,37.29,26.486,-0.34123,0
0.78922,3.0513,4.4569e-22,-0.35893,1,37.363,26.493,-0.26891,0
0.78594,3.0439,3.6799e-22,-0.35766,1,37.435,26.501,-0.19659,0
0.78269,3.0366,2.9601e-22,-0.35639,1,37.508,26.508,-0.12427,0
0.77945,3.0293,2.2976e-22,-0.35511,1,37.581,26.515,-0.051953,0
0.77605,3.0216,1.6715e-22,-0.35392,1,37.653,26.523,0.020366,0
0.77217,3.0124,1.0814e-22,-0.35293,1,37.726,26.53,0.092685,0
0.76835,3.0034,5.984e-23,-0.35195,1,37.799,26.537,0.165,0
0.76457,2.9946,2.2246e-23,-0.35097,1,37.871,26.545,0.23732,0
0.76085,2.9859,-4.6356e-24,-0.35,1,37.944,26.552,0.30964,0
0.75719,2.9774,-2.0818e-23,-0.34902,1,38.017,26.559,0.38196,0
0.75357,2.969,-2.6294e-23,-0.34805,1,38.09,26.567,0.45428,0
0.75001,2.9608,-2.1063e-23,-0.34709,1,38.162,26.574,0.5266,0
0.74649,2.9528,-5.1262e-24,-0.34612,1,38.235,26.581,0.59892,0
0.74354,2.9454,0,-0.3456,1,38.308,26.589,0.67123,0
0.74077,2.9383,0,-0.34523,1,38.38,26.596,0.74355,0
0.73803,2.9313,0,-0.34487,1,38.453,26.603,0.81587,0
0.73533,2.9244,0,-0.34452,1,38.526,26.611,0.88819,0
0.73266,2.9176,0,-0.34418,1,38.598,26.618,0.96051,0
0.73003,2.9109,0,-0.34385,1,38.671,26.625,1.0328,0
0.72744,2.9043,0,-0.34354,1,38.744,26.633,1.1051,0
0.72487,2.8978,0,-0.34324,1,38.816,26.64,1.1775,0
0.7224,2.8912,0,-0.34271,1,38.889,26.647,1.2498,0
0.72011,2.8837,0,-0.3415,1,38.962,26.655,1.3221,0
0.71782,2.8762,0,-0.3403,1,39.035,26.662,1.3944,0
0.71555,2.8688,0,-0.33911,1,39.107,26.669,1.4667,0
0.71328,2.8615,0,-0.33793,1,39.18,26.677,1.5391,0
0.71103,2.8542,0,-0.33675,1,39.253,26.684,1.6114,0
0.70879,2.8469,0,-0.33557,1,39.325,26.691,1.6837,0
0.70657,2.8397,0,-0.33441,1,39.398,26.699,1.756,0
0.70435,2.8326,0,-0.33324,1,39.471,26.706,1.8283,0
0.70211,2.824,0,-0.33061,1,39.543,26.713,1.9007,0
0.69987,2.8149,0,-0.32747,1,39.616,26.721,1.973,0
0.69764,2.8058,0,-0.32432,1,39.689,26.728,2.0453,0
0.6954,2.7967,0,-0.32116,1,39.761,26.735,2.1176,0
0.69318,2.7876,0,-0.31798,1,39.834,26.743,2.1899,0
0.69096,2.7785,0,-0.31478,1,39.907,26.75,2.2622,0
0.68875,2.7693,0,-0.31158,1,39.979,26.757,2.3346,0
0.68654,2.7602,0,-0.30835,1,40.052,26.765,2.4069,0
0.6842,2.7507,0,-0.30474,1,40.125,26.772,2.4792,0
0.68141,2.7399,0,-0.29992,1,40.198,26.779,2.5515,0
0.67862,2.7291,0,-0.29506,1,40.27,26.787,2.6238,0
0.67583,2.7183,0,-0.29017,1,40.343,26.794,2.6962,0
0.67304,2.7074,0,-0.28526,1,40.416,26.801,2.7685,0
0.67024,2.6964,0,-0.2803,1,40.488,26.809,2.8408,0
0.66745,2.6853,0,-0.27532,1,40.561,26.816,2.9131,0
0.66465,2.6742,0,-0.27031,1,40.634,26.823,2.9854,0
0.66185,2.663,0,-0.26526,1,40.706,26.831,3.0578,0
0.65807,2.651,0,-0.25986,1,40.779,26.838,3.1301,0
0.65392,2.6387,0,-0.25432,1,40.852,26.845,3.2024,0
0.64975,2.6263,0,-0.24873,1,40.924,26.853,3.2747,0
0.64556,2.6139,0,-0.24312,1,40.997,26.86,3.347,0
0.64134,2.6012,0,-0.23746,1,41.07,26.867,3.4193,0
0.6371,2.5885,0,-0.23178,1,41.143,26.875,3.4917,0
0.63284,2.5757,0,-0.22605,1,41.215,26.882,3.564,0
0.62856,2.5628,0,-0.22029,1,41.288,26.889,3.6363,0
0.62395,2.5498,0,-0.21462,1,41.361,26.897,3.7086,0
0.61826,2.5369,0,-0.20933,1,41.433,26.904,3.7809,0
0.61252,2.5238,0,-0.204,1,41.506,26.911,3.8533,0
0.60692,2.5112,0,-0.19852,1,41.579,26.919,3.9256,0
0.60155,2.4991,0,-0.19283,1,41.651,26.926,3.9979,0
0.59619,2.4871,0,-0.18705,1,41.724,26.933,4.0702,0
0.59086,2.4751,0,-0.18119,1,41.797,26.941,4.1425,0
0.58554,2.4633,0,-0.17525,1,41.869,26.948,4.2148,0
0.58025,2.4515,0,-0.16923,1,41.942,26.955,4.2872,0
0.57439,2.4408,0,-0.16391,1,42.015,26.963,4.3595,0
0.56829,2.4305,0,-0.15884,1,42.087,26.97,4.4318,0
0.56217,2.4203,0,-0.15372,1,42.16,26.977,4.5041,0
0.55602,2.41,0,-0.14855,1,42.233,26.985,4.5764,0
0.54986,2.3997,0,-0.14331,1,42.306,26.992,4.6488,0
0.54367,2.3895,0,-0.13803,1,42.378,26.999,4.7211,0
0.53746,2.3792,0,-0.13268,1,42.451,27.007,4.7934,0
0.53123,2.3689,0,-0.12729,1,42.524,27.014,4.8657,0
0.52494,2.3591,0,-0.12213,1,42.596,27.021,4.938,0
0.51844,2.3509,0,-0.11807,1,42.669,27.029,5.0104,0
0.5119,2.3426,0,-0.114,1,42.742,27.036,5.0827,0
0.5053,2.3343,0,-0.1099,1,42.814,27.044,5.155,0
0.49867,2.3259,0,-0.10579,1,42.887,27.051,5.2273,0
0.49198,2.3174,0,-0.10166,1,42.96,27.058,5.2996,0
0.48526,2.3089,0,-0.097502,1,43.032,27.066,5.3719,0
0.47848,2.3004,0,-0.093328,1,43.105,27.073,5.4443,0
0.47166,2.2918,0,-0.089135,1,43.178,27.08,5.5166,0
0.46496,2.2848,0,-0.086062,1,43.251,27.088,5.5889,0
0.45827,2.2785,0,-0.083492,1,43.323,27.095,5.6612,0
0.45152,2.2722,0,-0.080934,1,43.396,27.102,5.7335,0
0.44471,2.2657,0,-0.078388,1,43.469,27.11,5.8059,0
0.43784,2.2592,0,-0.075855,1,43.541,27.117,5.8782,0
0.4309,2.2526,0,-0.073334,1,43.614,27.124,5.9505,0
0.4239,2.2459,0,-0.070826,1,43.687,27.132,6.0228,0
0.41684,2.2391,0,-0.06833,1,43.759,27.139,6.0951,0
0.40988,2.2328,0,-0.066151,1,43.832,27.146,6.1675,0
0.40353,2.2285,0,-0.065313,1,43.905,27.154,6.2398,0
0.3971,2.2242,0,-0.064509,1,43.977,27.161,6.3121,0
0.3906,2.2198,0,-0.063737,1,44.05,27.168,6.3844,0
0.38403,2.2153,0,-0.062998,1,44.123,27.176,6.4567,0
0.37738,2.2107,0,-0.062293,1,44.195,27.183,6.529,0
0.37066,2.206,0,-0.06162,1,44.268,27.19,6.6014,0
0.36386,2.2012,0,-0.06098,1,44.341,27.198,6.6737,0
0.35699,2.1964,0,-0.060373,1,44.414,27.205,6.746,0
0.35091,2.1934,0,-0.060546,1,44.486,27.212,6.8183,0
0.34515,2.1913,0,-0.061109,1,44.559,27.22,6.8906,0
0.3393,2.189,0,-0.061708,1,44.632,27.227,6.963,0
0.33338,2.1867,0,-0.062343,1,44.704,27.234,7.0353,0
0.32738,2.1843,0,-0.063015,1,44.777,27.242,7.1076,0
0.3213,2.1817,0,-0.063722,1,44.85,27.249,7.1799,0
0.31514,2.1791,0,-0.064466,1,44.922,27.256,7.2522,0
0.3089,2.1764,0,-0.065246,1,44.995,27.264,7.3246,0
0.30278,2.174,0,-0.066119,1,45.068,27.271,7.3969,0
0.29758,2.1734,0,-0.067297,1,45.14,27.278,7.4692,0
0.29231,2.1727,0,-0.068506,1,45.213,27.286,7.5415,0
0.28696,2.1719,0,-0.069747,1,45.286,27.293,7.6138,0
0.28155,2.171,0,-0.071019,1,45.359,27.3,7.6861,0
0.27605,2.17,0,-0.072321,1,45.431,27.308,7.7585,0
0.27049,2.1689,0,-0.073655,1,45.504,27.315,7.8308,0
0.26485,2.1678,0,-0.07502,1,45.577,27.322,7.9031,0
0.25913,2.1665,0,-0.076416,1,45.649,27.33,7.9754,0
0.25406,2.1664,0,-0.077834,1,45.722,27.337,8.0477,0
0.24928,2.1668,0,-0.079274,1,45.795,27.344,8.1201,0
0.24445,2.1672,0,-0.080739,1,45.867,27.352,8.1924,0
0.23956,2.1675,0,-0.082232,1,45.94,27.359,8.2647,0
0.23461,2.1677,0,-0.08375,1,46.013,27.366,8.337,0
0.2296,2.1678,0,-0.085295,1,46.085,27.374,8.4093,0
0.22454,2.1678,0,-0.086865,1,46.158,27.381,8.4817,0
0.21941,2.1678,0,-0.088463,1,46.231,27.388,8.554,0
0.21438,2.1679,0,-0.090097,1,46.303,27.396,8.6263,0
0.21012,2.1694,0,-0.091814,1,46.376,27.403,8.6986,0
0.20582,2.1708,0,-0.093555,1,46.449,27.41,8.7709,0
0.20148,2.1721,0,-0.095317,1,46.522,27.418,8.8432,0
0.1971,2.1734,0,-0.097102,1,46.594,27.425,8.9156,0
0.19268,2.1746,0,-0.098909,1,46.667,27.432,8.9879,0
0.18822,2.1758,0,-0.10074,1,46.74,27.44,9.0602,0
0.18371,2.1769,0,-0.10259,1,46.812,27.447,9.1325,0
0.17917,2.1779,0,-0.10446,1,46.885,27.454,9.2048,0
0.17516,2.1798,0,-0.1065,1,46.958,27.462,9.2772,0
0.17153,2.1828,0,-0.10856,1,47.03,27.469,9.3495,0
0.1681,2.1874,0,-0.11037,1,47.103,27.476,9.4218,0
0.16464,2.192,0,-0.11222,1,47.176,27.484,9.4941,0
0.16114,2.1966,0,-0.11411,1,47.248,27.491,9.5664,0
0.1576,2.2011,0,-0.11603,1,47.321,27.498,9.6388,0
0.15403,2.2057,0,-0.118,1,47.394,27.506,9.7111,0
0.15042,2.2103,0,-0.12001,1,47.467,27.513,9.7834,0
0.14689,2.215,0,-0.12207,1,47.539,27.52,9.8557,0
0.14403,2.2207,0,-0.12428,1,47.612,27.528,9.928,0
0.14115,2.2264,0,-0.12652,1,47.685,27.535,10,0
0.13825,2.232,0,-0.12879,1,47.757,27.542,10.073,0
0.13532,2.2377,0,-0.1311,1,47.83,27.55,10.145,0
0.13236,2.2434,0,-0.13344,1,47.903,27.557,10.217,0
0.12938,2.249,0,-0.13581,1,47.975,27.564,10.29,0
0.12637,2.2546,0,-0.13821,1,48.048,27.572,10.362,0
0.12333,2.2603,0,-0.14065,1,48.121,27.579,10.434,0
0.12072,2.2662,0,-0.14301,1,48.193,27.586,10.507,0
0.11836,2.2724,0,-0.14534,1,48.266,27.594,10.579,0
0.11599,2.2785,0,-0.14769,1,48.339,27.601,10.651,0
0.11359,2.2847,0,-0.15008,1,48.412,27.608,10.724,0
0.11118,2.2908,0,-0.15248,1,48.484,27.616,10.796,0
0.10875,2.297,0,-0.15492,1,48.557,27.623,10.868,0
0.1063,2.3031,0,-0.15738,1,48.63,27.63,10.94,0
0.10383,2.3092,0,-0.15987,1,48.702,27.638,11.013,0
0.10141,2.3153,0,-0.16235,1,48.775,27.645,11.085,0
0.099412,2.3217,0,-0.16464,1,48.848,27.653,11.157,0
0.097407,2.328,0,-0.16695,1,48.92,27.66,11.23,0
0.09539,2.3344,0,-0.16928,1,48.993,27.667,11.302,0
0.093363,2.3407,0,-0.17163,1,49.066,27.675,11.374,0
0.091323,2.347,0,-0.174,1,49.138,27.682,11.447,0
0.089273,2.3534,0,-0.1764,1,49.211,27.689,11.519,0
0.087211,2.3597,0,-0.17881,1,49.284,27.697,11.591,0
0.085138,2.366,0,-0.18125,1,49.356,27.704,11.664,0
0.083267,2.3724,0,-0.18367,1,49.429,27.711,11.736,0
0.081527,2.379,0,-0.18609,1,49.502,27.719,11.808,0
0.079782,2.3855,0,-0.18853,1,49.575,27.726,11.881,0
0.078031,2.3921,0,-0.19098,1,49.647,27.733,11.953,0
0.076273,2.3986,0,-0.19345,1,49.72,27.741,12.025,0
0.07451,2.4051,0,-0.19593,1,49.793,27.748,12.098,0
0.072741,2.4116,0,-0.19844,1,49.865,27.755,12.17,0
0.070966,2.4181,0,-0.20096,1,49.938,27.763,12.242,0
0.069209,2.4246,0,-0.20349,1,50.011,27.77,12.315,0
0.067674,2.4313,0,-0.20602,1,50.083,27.777,12.387,0
0.066135,2.438,0,-0.20856,1,50.156,27.785,12.459,0
0.064591,2.4447,0,-0.21111,1,50.229,27.792,12.531,0
0.063043,2.4514,0,-0.21368,1,50.301,27.799,12.604,0
0.061491,2.4581,0,-0.21626,1,50.374,27.807,12.676,0
0.059935,2.4648,0,-0.21886,1,50.447,27.814,12.748,0
0.058374,2.4714,0,-0.22147,1,50.52,27.821,12.821,0
0.056809,2.4781,0,-0.2241,1,50.592,27.829,12.893,0
0.055295,2.4847,0,-0.22655,1,50.665,27.836,12.965,0
0.053817,2.4913,0,-0.22889,1,50.738,27.843,13.038,0
0.052336,2.498,0,-0.23124,1,50.81,27.851,13.11,0
0.05085,2.5046,0,-0.2336,1,50.883,27.858,13.182,0
0.049361,2.5112,0,-0.23597,1,50.956,27.865,13.255,0
0.047868,2.5178,0,-0.23835,1,51.028,27.873,13.327,0
0.04637,2.5244,0,-0.24074,1,51.101,27.88,13.399,0
0.04487,2.531,0,-0.24315,1,51.174,27.887,13.472,0
0.04336,2.5376,0,-0.24552,1,51.246,27.895,13.544,0
0.041786,2.5441,0,-0.24738,1,51.319,27.902,13.616,0
0.040208,2.5507,0,-0.24924,1,51.392,27.909,13.689,0
0.038627,2.5572,0,-0.25111,1,51.464,27.917,13.761,0
0.037042,2.5637,0,-0.25299,1,51.537,27.924,13.833,0
0.035453,2.5702,0,-0.25488,1,51.61,27.931,13.906,0
0.033861,2.5767,0,-0.25678,1,51.683,27.939,13.978,0
0.032266,2.5832,0,-0.25868,1,51.755,27.946,14.05,0
0.030667,2.5897,0,-0.2606,1,51.828,27.953,14.123,0
0.028987,2.5962,0,-0.26217,1,51.901,27.961,14.195,0
0.027244,2.6028,0,-0.26347,1,51.973,27.968,14.267,0
0.025496,2.6093,0,-0.26479,1,52.046,27.975,14.339,0
0.023745,2.6158,0,-0.2661,1,52.119,27.983,14.412,0
0.02199,2.6223,0,-0.26743,1,52.191,27.99,14.484,0
0.020231,2.6288,0,-0.26876,1,52.264,27.997,14.556,0
0.018468,2.6353,0,-0.27009,1,52.337,28.005,14.629,0
0.016701,2.6417,0,-0.27143,1,52.409,28.012,14.701,0
0.014925,2.6482,0,-0.27275,1,52.482,28.019,14.773,0
0.013077,2.6551,0,-0.27331,1,52.555,28.027,14.846,0
0.011228,2.6621,0,-0.27387,1,52.628,28.034,14.918,0
0.0093784,2.669,0,-0.27445,1,52.7,28.041,14.99,0
0.0075272,2.6758,0,-0.27503,1,52.773,28.049,15.063,0
0.0056749,2.6827,0,-0.27561,1,52.846,28.056,15.135,0
0.0038214,2.6896,0,-0.27621,1,52.918,28.063,15.207,0
0.0019668,2.6964,0,-0.27681,1,52.991,28.071,15.28,0
0.00011106,2.7033,0,-0.27742,1,53.064,28.078,15.352,0
-0.0017368,2.7101,0,-0.27768,1,53.136,28.085,15.424,0
-0.0035769,2.7169,0,-0.27764,1,53.209,28.093,15.497,0
-0.0054164,2.7236,0,-0.2776,1,53.282,28.1,15.569,0
-0.0072552,2.7304,0,-0.27758,1,53.354,28.107,15.641,0
-0.0090934,2.7372,0,-0.27756,1,53.427,28.115,15.714,0
-0.010931,2.7439,0,-0.27756,1,53.5,28.122,15.786,0
-0.012768,2.7506,0,-0.27756,1,53.572,28.129,15.858,0
-0.014604,2.7574,0,-0.27756,1,53.645,28.137,15.93,0
-0.016437,2.7641,0,-0.27755,1,53.718,28.144,16.003,0
-0.01821,2.7707,0,-0.2769,1,53.791,28.151,16.075,0
-0.01998,2.7772,0,-0.27625,1,53.863,28.159,16.147,0
-0.021746,2.7838,0,-0.27561,1,53.936,28.166,16.22,0
-0.023509,2.7904,0,-0.27498,1,54.009,28.173,16.292,0
-0.025269,2.797,0,-0.27435,1,54.081,28.181,16.364,0
-0.027026,2.8035,0,-0.27374,1,54.154,28.188,16.437,0
-0.028779,2.8101,0,-0.27313,1,54.227,28.195,16.509,0
-0.030529,2.8166,0,-0.27252,1,54.299,28.203,16.581,0
-0.032211,2.8231,0,-0.27162,1,54.372,28.21,16.654,0
-0.033831,2.8296,0,-0.27045,1,54.445,28.217,16.726,0
-0.035446,2.836,0,-0.26929,1,54.517,28.225,16.798,0
-0.037057,2.8425,0,-0.26814,1,54.59,28.232,16.871,0
-0.038662,2.8489,0,-0.267,1,54.663,28.239,16.943,0
-0.040263,2.8554,0,-0.26587,1,54.736,28.247,17.015,0
-0.041859,2.8618,0,-0.26474,1,54.808,28.254,17.088,0
-0.04345,2.8683,0,-0.26363,1,54.881,28.262,17.16,0
-0.045031,2.8747,0,-0.26251,1,54.954,28.269,17.232,0
-0.04633,2.881,0,-0.26089,1,55.026,28.276,17.305,0
-0.047625,2.8874,0,-0.25929,1,55.099,28.284,17.377,0
-0.048916,2.8937,0,-0.25769,1,55.172,28.291,17.449,0
-0.050203,2.9,0,-0.25611,1,55.244,28.298,17.521,0
-0.051486,2.9064,0,-0.25454,1,55.317,28.306,17.594,0
-0.052765,2.9127,0,-0.25298,1,55.39,28.313,17.666,0
-0.054039,2.919,0,-0.25143,1,55.462,28.32,17.738,0
-0.05531,2.9254,0,-0.2499,1,55.535,28.328,17.811,0
-0.056406,2.9317,0,-0.24815,1,55.608,28.335,17.883,0
-0.057333,2.9379,0,-0.24619,1,55.681,28.342,17.955,0
-0.058258,2.9442,0,-0.24425,1,55.753,28.35,18.028,0
-0.059181,2.9505,0,-0.24232,1,55.826,28.357,18.1,0
-0.060101,2.9568,0,-0.2404,1,55.899,28.364,18.172,0
-0.061018,2.963,0,-0.23849,1,55.971,28.372,18.245,0
-0.061933,2.9693,0,-0.2366,1,56.044,28.379,18.317,0
-0.062845,2.9757,0,-0.23472,1,56.117,28.386,18.389,0
-0.063755,2.982,0,-0.23285,1,56.189,28.394,18.462,0
-0.064381,2.9882,0,-0.23071,1,56.262,28.401,18.534,0
-0.065007,2.9945,0,-0.22857,1,56.335,28.408,18.606,0
-0.065632,3.0008,0,-0.22645,1,56.407,28.416,18.679,0
-0.066255,3.0071,0,-0.22434,1,56.48,28.423,18.751,0
-0.066878,3.0134,0,-0.22224,1,56.553,28.43,18.823,0
-0.067499,3.0197,0,-0.22016,1,56.625,28.438,18.896,0
-0.068119,3.026,0,-0.21808,1,56.698,28.445,18.968,0
-0.068739,3.0323,0,-0.21602,1,56.771,28.452,19.04,0
-0.069253,3.0387,0,-0.21393,1,56.844,28.46,19.112,0
-0.069662,3.0451,0,-0.2118,1,56.916,28.467,19.185,0
-0.070073,3.0515,0,-0.20969,1,56.989,28.474,19.257,0
-0.070501,3.0572,0,-0.20758,1,57.062,28.482,19.329,0
-0.070971,3.0609,0,-0.20548,1,57.134,28.489,19.402,0
-0.071442,3.0646,0,-0.20338,1,57.207,28.496,19.474,0
-0.071914,3.0683,0,-0.20131,1,57.28,28.504,19.546,0
-0.072388,3.0721,0,-0.19924,1,57.352,28.511,19.619,0
-0.072864,3.0758,0,-0.19718,1,57.425,28.518,19.691,0
-0.073101,3.0796,0,-0.19516,1,57.498,28.526,19.763,0
-0.073336,3.0834,0,-0.19314,1,57.57,28.533,19.836,0
-0.073574,3.0873,0,-0.19114,1,57.643,28.54,19.908,0
-0.073814,3.0911,0,-0.18915,1,57.716,28.548,19.98,0
-0.074056,3.095,0,-0.18718,1,57.789,28.555,20.053,0
-0.074302,3.0988,0,-0.18522,1,57.861,28.562,20.125,0
-0.074549,3.1026,0,-0.18327,1,57.934,28.57,20.197,0
-0.074799,3.1065,0,-0.18133,1,58.007,28.577,20.27,0
-0.074955,3.1104,0,-0.17943,1,58.079,28.584,20.342,0
-0.075006,3.1144,0,-0.17756,1,58.152,28.592,20.414,0
-0.07506,3.1184,0,-0.17571,1,58.225,28.599,20.487,0
-0.075118,3.1223,0,-0.17387,1,58.297,28.606,20.559,0
-0.075179,3.1263,0,-0.17204,1,58.37,28.614,20.631,0
-0.075244,3.1303,0,-0.17023,1,58.443,28.621,20.704,0
-0.075313,3.1343,0,-0.16843,1,58.515,28.628,20.776,0
-0.075385,3.1383,0,-0.16665,1,58.588,28.636,20.848,0
-0.075461,3.1423,0,-0.16488,1,58.661,28.643,20.92,0
-0.075479,3.1464,0,-0.1632,1,58.733,28.65,20.993,0
-0.075498,3.1506,0,-0.16154,1,58.806,28.658,21.065,0
-0.07552,3.1547,0,-0.15989,1,58.879,28.665,21.137,0
-0.075544,3.1588,0,-0.15825,1,58.952,28.672,21.21,0
-0.07557,3.163,0,-0.15662,1,59.024,28.68,21.282,0
-0.075599,3.1671,0,-0.155,1,59.097,28.687,21.354,0
-0.075631,3.1713,0,-0.1534,1,59.17,28.694,21.427,0
-0.075665,3.1754,0,-0.1518,1,59.242,28.702,21.499,0
-0.075707,3.1796,0,-0.15023,1,59.315,28.709,21.571,0
-0.075757,3.1839,0,-0.14869,1,59.388,28.716,21.644,0
-0.075806,3.1881,0,-0.14716,1,59.46,28.724,21.716,0
-0.075856,3.1924,0,-0.14563,1,59.533,28.731,21.788,0
-0.075905,3.1967,0,-0.14412,1,59.606,28.738,21.861,0
-0.075955,3.2009,0,-0.14261,1,59.678,28.746,21.933,0
-0.076005,3.2052,0,-0.14111,1,59.751,28.753,22.005,0
-0.076055,3.2095,0,-0.13961,1,59.824,28.76,22.078,0
-0.076106,3.2137,0,-0.13813,1,59.897,28.768,22.15,0
-0.076087,3.2179,0,-0.1366,1,59.969,28.775,22.222,0
-0.076063,3.2222,0,-0.13509,1,60.042,28.782,22.295,0
-0.076038,3.2264,0,-0.13358,1,60.115,28.79,22.367,0
-0.076011,3.2306,0,-0.13207,1,60.187,28.797,22.439,0
-0.075983,3.2348,0,-0.13058,1,60.26,28.804,22.511,0
-0.075954,3.239,0,-0.12909,1,60.333,28.812,22.584,0
-0.075924,3.2433,0,-0.12762,1,60.405,28.819,22.656,0
-0.075892,3.2475,0,-0.12614,1,60.478,28.826,22.728,0
-0.075816,3.2517,0,-0.12464,1,60.551,28.834,22.801,0
-0.075683,3.2559,0,-0.12311,1,60.623,28.841,22.873,0
-0.075549,3.2601,0,-0.12158,1,60.696,28.849,22.945,0
-0.075414,3.2644,0,-0.12005,1,60.769,28.856,23.018,0
-0.075278,3.2686,0,-0.11854,1,60.841,28.863,23.09,0
-0.075141,3.2728,0,-0.11703,1,60.914,28.871,23.162,0
-0.075002,3.277,0,-0.11553,1,60.987,28.878,23.235,0
-0.074862,3.2812,0,-0.11404,1,61.06,28.885,23.307,0
-0.074721,3.2854,0,-0.11256,1,61.132,28.893,23.379,0
-0.074372,3.2895,0,-0.111,1,61.205,28.9,23.452,0
-0.074003,3.2937,0,-0.10944,1,61.278,28.907,23.524,0
-0.073632,3.2978,0,-0.10789,1,61.35,28.915,23.596,0
-0.073258,3.3019,0,-0.10634,1,61.423,28.922,23.669,0
-0.072882,3.306,0,-0.10481,1,61.496,28.929,23.741,0
-0.072503,3.3101,0,-0.10328,1,61.568,28.937,23.813,0
-0.072118,3.3133,0,-0.10177,1,61.641,28.944,23.886,0
-0.071729,3.3158,0,-0.10028,1,61.714,28.951,23.958,0
-0.071281,3.3183,0,-0.098783,1,61.786,28.959,24.03,0
-0.070753,3.3207,0,-0.09726,1,61.859,28.966,24.102,0
-0.070223,3.3231,0,-0.095742,1,61.932,28.973,24.175,0
-0.069692,3.3256,0,-0.094229,1,62.005,28.981,24.247,0
-0.06916,3.328,0,-0.092722,1,62.077,28.988,24.319,0
-0.068627,3.3304,0,-0.091221,1,62.15,28.995,24.392,0
-0.068093,3.3328,0,-0.089726,1,62.223,29.003,24.464,0
-0.067557,3.3353,0,-0.088235,1,62.295,29.01,24.536,0
-0.067021,3.3377,0,-0.086751,1,62.368,29.017,24.609,0
-0.066347,3.34,0,-0.08532,1,62.441,29.025,24.681,0
-0.06566,3.3424,0,-0.083897,1,62.513,29.032,24.753,0
-0.064974,3.3447,0,-0.082477,1,62.586,29.039,24.826,0
-0.064288,3.3471,0,-0.081059,1,62.659,29.047,24.898,0
-0.063603,3.3494,0,-0.079645,1,62.731,29.054,24.97,0
-0.062918,3.3518,0,-0.078233,1,62.804,29.061,25.043,0
-0.062234,3.3541,0,-0.076825,1,62.877,29.069,25.115,0
-0.061551,3.3564,0,-0.075419,1,62.949,29.076,25.187,0
-0.060832,3.3588,0,-0.074097,1,63.022,29.083,25.26,0
-0.06006,3.3612,0,-0.072897,1,63.095,29.091,25.332,0
-0.05929,3.3636,0,-0.071697,1,63.168,29.098,25.404,0
-0.058524,3.366,0,-0.070497,1,63.24,29.105,25.477,0
-0.05776,3.3684,0,-0.069296,1,63.313,29.113,25.549,0
-0.057,3.3708,0,-0.068094,1,63.386,29.12,25.621,0
-0.056242,3.3732,0,-0.066893,1,63.458,29.127,25.694,0
-0.055487,3.3755,0,-0.065691,1,63.531,29.135,25.766,0
-0.054735,3.3779,0,-0.064488,1,63.604,29.142,25.838,0
-0.053933,3.3804,0,-0.063568,1,63.676,29.149,25.91,0
-0.05313,3.3829,0,-0.06268,1,63.749,29.157,25.983,0
-0.052332,3.3855,0,-0.061787,1,63.822,29.164,26.055,0
-0.051539,3.388,0,-0.06089,1,63.894,29.171,26.127,0
-0.050751,3.3905,0,-0.059989,1,63.967,29.179,26.2,0
-0.049969,3.393,0,-0.059083,1,64.04,29.186,26.272,0
-0.049191,3.3955,0,-0.058173,1,64.113,29.193,26.344,0
-0.048419,3.398,0,-0.057259,1,64.185,29.201,26.417,0
-0.047698,3.4005,0,-0.056478,1,64.258,29.208,26.489,0
-0.047058,3.4032,0,-0.055912,1,64.331,29.215,26.561,0
-0.046422,3.4058,0,-0.055337,1,64.403,29.223,26.634,0
-0.045791,3.4084,0,-0.054753,1,64.476,29.23,26.706,0
-0.045165,3.4111,0,-0.054161,1,64.549,29.237,26.778,0
-0.044544,3.4137,0,-0.053561,1,64.621,29.245,26.851,0
-0.043928,3.4163,0,-0.052952,1,64.694,29.252,26.923,0
-0.043317,3.4189,0,-0.052334,1,64.767,29.259,26.995,0
-0.04271,3.4215,0,-0.051708,1,64.839,29.267,27.068,0
-0.042391,3.4243,0,-0.051334,1,64.912,29.274,27.14,0
-0.042117,3.427,0,-0.050985,1,64.985,29.281,27.212,0
-0.041846,3.4298,0,-0.050625,1,65.058,29.289,27.285,0
-0.041578,3.4325,0,-0.050251,1,65.13,29.296,27.357,0
-0.041314,3.4353,0,-0.049865,1,65.203,29.303,27.429,0
-0.041052,3.438,0,-0.049467,1,65.276,29.311,27.501,0
-0.040793,3.4407,0,-0.049056,1,65.348,29.318,27.574,0
-0.04053,3.443,0,-0.048627,1,65.421,29.325,27.646,0
-0.040404,3.4443,0,-0.048248,1,65.494,29.333,27.718,0
-0.040546,3.4457,0,-0.047989,1,65.566,29.34,27.791,0
-0.040687,3.447,0,-0.047718,1,65.639,29.347,27.863,0
-0.040827,3.4483,0,-0.047435,1,65.712,29.355,27.935,0
-0.040967,3.4497,0,-0.047141,1,65.784,29.362,28.008,0
-0.041106,3.451,0,-0.046836,1,65.857,29.369,28.08,0
-0.041244,3.4523,0,-0.04652,1,65.93,29.377,28.152,0
-0.041382,3.4536,0,-0.046192,1,66.002,29.384,28.225,0
-0.041519,3.4548,0,-0.045853,1,66.075,29.391,28.297,0
-0.041905,3.456,0,-0.045599,1,66.148,29.399,28.369,0
-0.04233,3.4572,0,-0.045352,1,66.221,29.406,28.442,0
-0.04275,3.4583,0,-0.045094,1,66.293,29.413,28.514,0
-0.043166,3.4594,0,-0.044827,1,66.366,29.421,28.586,0
-0.043578,3.4605,0,-0.044549,1,66.439,29.428,28.659,0
-0.043985,3.4616,0,-0.044261,1,66.511,29.435,28.731,0
-0.044388,3.4627,0,-0.043963,1,66.584,29.443,28.803,0
-0.044786,3.4638,0,-0.043654,1,66.657,29.45,28.876,0
-0.045269,3.4648,0,-0.043312,1,66.729,29.458,28.948,0
-0.04592,3.4657,0,-0.042915,1,66.802,29.465,29.02,0
-0.046564,3.4666,0,-0.042511,1,66.875,29.472,29.092,0
-0.047202,3.4674,0,-0.042098,1,66.947,29.48,29.165,0
-0.047832,3.4683,0,-0.041677,1,67.02,29.487,29.237,0
-0.048456,3.4691,0,-0.041248,1,67.093,29.494,29.309,0
-0.049072,3.47,0,-0.040811,1,67.166,29.502,29.382,0
-0.049682,3.4708,0,-0.040366,1,67.238,29.509,29.454,0
-0.050285,3.4716,0,-0.039913,1,67.311,29.516,29.526,0
-0.050951,3.4721,0,-0.039235,1,67.384,29.524,29.599,0
-0.051622,3.4725,0,-0.038509,1,67.456,29.531,29.671,0
-0.052284,3.4729,0,-0.037781,1,67.529,29.538,29.743,0
-0.052937,3.4732,0,-0.03705,1,67.602,29.546,29.816,0
-0.05358,3.4736,0,-0.036317,1,67.674,29.553,29.888,0
-0.054214,3.474,0,-0.035581,1,67.747,29.56,29.96,0
-0.05484,3.4744,0,-0.034842,1,67.82,29.568,30.033,0
-0.055456,3.4747,0,-0.0341,1,67.892,29.575,30.105,0
-0.056046,3.4749,0,-0.033268,1,67.965,29.582,30.177,0
-0.056595,3.4749,0,-0.032256,1,68.038,29.59,30.25,0
-0.057133,3.4748,0,-0.031248,1,68.11,29.597,30.322,0
-0.057661,3.4748,0,-0.030244,1,68.183,29.604,30.394,0
-0.058178,3.4747,0,-0.029244,1,68.256,29.612,30.467,0
-0.058686,3.4747,0,-0.028248,1,68.329,29.619,30.539,0
-0.059183,3.4746,0,-0.027257,1,68.401,29.626,30.611,0
-0.05967,3.4745,0,-0.026269,1,68.474,29.634,30.683,0
-0.060147,3.4745,0,-0.025286,1,68.547,29.641,30.756,0
-0.060472,3.4737,0,-0.024132,1,68.619,29.648,30.828,0
-0.060754,3.4728,0,-0.022946,1,68.692,29.656,30.9,0
-0.061025,3.4719,0,-0.02177,1,68.765,29.663,30.973,0
-0.061286,3.471,0,-0.020602,1,68.837,29.67,31.045,0
-0.061536,3.4701,0,-0.019442,1,68.91,29.678,31.117,0
-0.061776,3.4692,0,-0.018291,1,68.983,29.685,31.19,0
-0.062005,3.4683,0,-0.017149,1,69.055,29.692,31.262,0
-0.062224,3.4674,0,-0.016016,1,69.128,29.7,31.334,0
-0.062341,3.4665,0,-0.014677,1,69.201,29.707,31.407,0
-0.062222,3.4646,0,-0.012863,1,69.274,29.714,31.479,0
-0.062097,3.4627,0,-0.011057,1,69.346,29.722,31.551,0
-0.061968,3.4607,0,-0.0092566,1,69.419,29.729,31.624,0
-0.061833,3.4588,0,-0.0074635,1,69.492,29.736,31.696,0
-0.061693,3.4569,0,-0.0056774,1,69.564,29.744,31.768,0
-0.061548,3.4549,0,-0.003898,1,69.637,29.751,31.841,0
-0.061398,3.453,0,-0.0021255,1,69.71,29.758,31.913,0
-0.061243,3.451,0,-0.00035986,1,69.782,29.766,31.985,0
nan,nan,nan,nan,0,69.855,29.773,32.058,0
nan,nan,nan,nan,0,69.928,29.78,32.13,0
nan,nan,nan,nan,0,70,29.788,32.202,0
nan,nan,nan,nan,0,70.073,29.795,32.275,0
nan,nan,nan,nan,0,70.146,29.802,32.347,0
nan,nan,nan,nan,0,70.218,29.81,32.419,0
nan,nan,nan,nan,0,70.291,29.817,32.491,0
nan,nan,nan,nan,0,70.364,29.824,32.564,0
nan,nan,nan,nan,0,70.437,29.832,32.636,0
nan,nan,nan,nan,0,70.509,29.839,32.708,0
nan,nan,nan,nan,0,70.582,29.846,32.781,0
nan,nan,nan,nan,0,70.655,29.854,32.853,0
nan,nan,nan,nan,0,70.727,29.861,32.925,0
nan,nan,nan,nan,0,70.8,29.868,32.998,0
nan,nan,nan,nan,0,70.873,29.876,33.07,0
nan,nan,nan,nan,0,70.945,29.883,33.142,0
nan,nan,nan,nan,0,71.018,29.89,33.215,0
nan,nan,nan,nan,0,71.091,29.898,33.287,0
nan,nan,nan,nan,0,71.163,29.905,33.359,0
nan,nan,nan,nan,0,71.236,29.912,33.432,0
nan,nan,nan,nan,0,71.309,29.92,33.504,0
nan,nan,nan,nan,0,71.382,29.927,33.576,0
nan,nan,nan,nan,0,71.454,29.934,33.649,0
nan,nan,nan,nan,0,71.527,29.942,33.721,0
nan,nan,nan,nan,0,71.6,29.949,33.793,0
nan,nan,nan,nan,0,71.672,29.956,33.866,0
nan,nan,nan,nan,0,71.745,29.964,33.938,0
nan,nan,nan,nan,0,71.818,29.971,34.01,0
nan,nan,nan,nan,0,71.89,29.978,34.082,0
nan,nan,nan,nan,0,71.963,29.986,34.155,0
nan,nan,nan,nan,0,72.036,29.993,34.227,0
nan,nan,nan,nan,0,72.108,30,34.299,0
nan,nan,nan,nan,0,72.181,30.008,34.372,0
nan,nan,nan,nan,0,72.254,30.015,34.444,0
nan,nan,nan,nan,0,72.326,30.022,34.516,0
nan,nan,nan,nan,0,72.399,30.03,34.589,0
nan,nan,nan,nan,0,72.472,30.037,34.661,0
nan,nan,nan,nan,0,72.545,30.044,34.733,0
nan,nan,nan,nan,0,72.617,30.052,34.806,0
nan,nan,nan,nan,0,72.69,30.059,34.878,0
